1,3.5985,3.9002,9.7255
2,3.1699,2.7533,10.209
3,2.2338,3.1125,9.8979
4,0.85234,3.0574,10.398
5,-0.69432,2.624,9.9889
6,-1.4198,2.4086,10.106
7,-0.87628,2.0135,10.508
8,-0.40941,1.1875,10.906
9,0.60573,0.32801,11.313
10,0.5794,0.51715,10.767
11,-0.59376,1.1923,8.7727
12,-1.1085,1.2426,8.3489
13,-0.9505,0.9074,8.2268
14,-0.35195,0.91458,8.0424
15,-0.36152,1.1971,8.0712
16,-0.66559,1.2761,8.4016
17,-0.96726,1.2833,9.7208
18,-0.92416,1.166,10.116
19,-0.15323,1.2785,9.5603
20,-0.21308,1.6735,9.3712
21,-1.166,1.9273,9.3904
22,-1.6664,1.8818,9.8548
23,-1.2977,2.1644,10.192
24,-0.72066,2.2362,10.034
25,-0.46687,2.2601,9.8022
26,-0.43335,2.3128,9.9099
27,-0.30406,1.9704,10.283
28,0.098162,1.9441,10.489
29,0.19632,2.1045,10.451
30,0.34237,2.1548,10.575
31,0.75896,2.1955,9.9817
32,1.0726,2.2769,9.2371
33,1.2402,2.1284,9.0217
34,1.3719,2.2027,9.5005
35,1.7957,2.545,10.027
36,1.9872,2.6145,9.7495
37,1.9609,2.7773,9.1869
38,1.913,2.8276,9.0408
39,1.6999,2.8539,9.3233
40,1.3767,2.8563,9.364
41,1.0439,2.6552,8.7798
42,0.91219,2.6025,8.2124
43,1.1229,2.7174,7.882
44,1.3312,2.7438,8.2292
45,1.4605,2.7677,8.9091
46,1.5706,2.739,8.6601
47,1.8675,3.0095,7.7024
48,1.9632,3.4213,7.3529
49,1.3599,3.5123,8.0376
50,1.0199,3.3902,8.8062
51,1.0558,3.4261,9.3329
52,1.0032,3.45,9.0839
53,0.95768,3.3495,8.6338
54,0.92177,3.4022,8.7942
55,1.2857,3.8355,9.2395
56,0.92177,3.9648,9.2706
57,0.4142,3.9792,9.048
58,0.39504,3.9696,9.139
59,0.56264,3.6966,9.546
60,0.48602,3.5458,10.37
61,-0.086191,3.2681,11.54
62,-0.55785,2.9784,11.543
63,-1.0247,2.4636,10.947
64,-1.0582,1.9034,10.686
65,-1.1995,1.4916,11.052
66,-1.6328,1.2426,11.311
67,-2.6264,1.1492,10.734
68,-3.213,1.1037,10.451
69,-3.2633,0.98162,10.456
70,-2.7078,0.91698,10.331
71,-1.7406,1.1851,9.7926
72,-1.4198,1.3001,9.2754
73,-0.7422,1.4748,8.2411
74,-0.13647,1.6568,8.0376
75,0.30885,1.9058,8.7008
76,-0.28491,2.0159,9.2252
77,-1.0558,2.1931,9.1438
78,-1.1253,2.5115,8.4016
79,-1.2186,2.8299,7.6929
80,-1.1971,2.8826,7.8868
81,-0.76375,2.7414,8.5548
82,-0.4118,2.581,8.6051
83,0.095768,2.8347,8.4087
84,0.16041,3.1173,8.4997
85,-0.14126,3.3351,9.3233
86,-0.2466,3.4453,9.8931
87,-0.22745,3.4668,10.678
88,0.059855,3.4836,10.913
89,0.79009,3.8642,11.258
90,0.63446,3.79,11.236
91,0.16041,3.6919,10.808
92,-0.038307,3.3375,10.554
93,0.67038,2.9113,10.269
94,1.391,2.8683,10.437
95,1.4629,2.715,10.705
96,0.89064,2.2625,10.817
97,0.58658,1.6831,10.801
98,0.82839,1.4317,10.619
99,1.5227,1.221,9.8884
100,2.0327,1.3264,9.4622
101,2.3032,1.6233,9.2108
102,1.7502,1.7406,9.1031
103,1.0918,1.8387,8.7535
104,1.0247,1.8507,8.4423
105,1.4533,1.8555,8.0281
106,1.8914,1.9297,8.1502
107,1.9872,2.1811,8.4949
108,1.8052,2.2913,8.3465
109,1.5897,2.5235,7.9155
110,1.5131,2.66,7.6593
111,1.7047,2.818,7.238
112,1.8196,3.0526,7.4343
113,1.8196,3.2609,7.9706
114,1.4772,3.3567,8.0783
115,1.0199,3.4309,8.1478
116,1.0774,3.2034,8.5045
117,1.6544,3.0095,9.4574
118,1.7645,3.0143,10.415
119,1.1827,3.0454,11.062
120,0.7446,3.1532,10.908
121,0.48124,3.1532,10.71
122,0.53151,3.1627,11.141
123,0.39983,3.3447,11.622
124,-0.069432,3.237,11.224
125,-0.43574,3.1292,10.384
126,-0.60094,2.9592,9.8836
127,-0.69911,2.624,9.5771
128,-0.71826,2.4876,9.5939
129,-1.6089,2.2745,10.037
130,-2.4229,2.1596,10.307
131,-2.7366,1.9297,10.149
132,-2.1883,1.7741,9.6848
133,-1.3455,1.7573,9.1485
134,-1.0965,1.7957,9.024
135,-1.2258,2.1261,8.5356
136,-1.403,2.3343,7.9658
137,-1.2474,2.4924,7.6163
138,-0.91937,2.5379,7.7647
139,-0.55546,2.6959,8.2028
140,-0.59616,2.8683,8.3034
141,-0.89064,2.9808,7.9706
142,-0.98402,3.0382,7.8892
143,-0.88346,3.0335,8.1478
144,-0.65841,3.0742,8.2651
145,-0.50039,3.292,8.3944
146,-0.49081,3.4165,8.392
147,-0.51954,3.5147,8.3178
148,-0.57221,3.6679,8.7032
149,-0.95529,3.8714,9.8093
150,-1.0415,3.9672,10.077
151,-0.65601,4.0725,9.6489
152,-0.4142,4.1252,9.4526
153,-0.4549,3.9552,10.03
154,-0.56264,3.7254,10.717
155,-0.22984,3.4692,11.459
156,-0.026336,3.1173,11.861
157,0.53151,2.9832,11.43
158,0.79966,2.9904,10.65
159,0.74699,2.6049,9.9243
160,0.65362,2.1668,10.2
161,0.30885,1.3288,11.064
162,0.48842,1.0918,11.65
163,1.2522,1.0271,10.963
164,1.5945,1.2953,9.692
165,1.7669,1.98,8.1238
166,1.5251,2.1715,7.5253
167,1.0654,2.0423,7.5157
168,0.85712,1.9321,7.9467
169,1.2378,1.8603,8.7559
170,1.5993,1.7645,8.9714
171,2.0183,1.6376,8.7224
172,2.241,1.7621,8.4111
173,1.9872,2.2649,7.8868
174,1.6568,2.6025,7.8198
175,1.3599,2.885,8.1334
176,1.3862,2.7677,8.1717
177,1.8172,2.8204,8.2364
178,1.755,3.0071,8.6194
179,1.4509,3.1125,9.3832
180,1.3503,3.1484,9.6944
181,1.1588,3.3447,9.5508
182,1.1827,3.4476,9.206
183,1.3623,3.6416,9.285
184,1.1013,3.5362,9.8907
185,0.52194,3.4884,11.114
186,0.081403,3.237,11.576
187,-0.20351,3.1915,11.473
188,-0.34476,3.2154,11.318
189,-1.1277,2.9616,10.832
190,-1.4988,2.6911,10.295
191,-1.585,2.4756,9.6753
192,-1.6664,2.1668,10.008
193,-1.8004,1.7573,11.54
194,-1.6376,1.4222,11.823
195,-1.3192,1.1684,10.803
196,-1.1875,1.4245,9.4382
197,-1.3791,1.6592,8.0281
198,-1.4892,1.755,7.7168
199,-1.0702,1.9776,7.9467
200,-0.86431,1.9609,8.0137
201,-0.826,1.9154,7.7838
202,-0.65362,1.968,7.724
203,-0.44532,2.0854,7.9203
204,-0.36631,2.2362,7.9227
205,-0.67995,2.4876,7.5325
206,-0.92895,2.7198,7.3218
207,-0.70868,2.9113,8.2603
208,-0.39026,3.0574,9.1629
209,-0.33758,3.3495,9.6705
210,-0.62489,3.6559,9.2994
211,-0.64643,3.8116,9.0336
212,-0.26815,3.7733,9.1557
213,0.16041,3.8906,9.9147
214,-0.10295,3.9313,10.748
215,-0.50039,3.9576,11.571
216,-0.67277,3.7469,11.83
217,-0.36871,3.4548,11.536
218,-0.16041,3.3208,11.16
219,-0.16041,3.043,10.731
220,-0.26097,2.727,11.004
221,0.18435,2.2577,11.71
222,0.56503,1.7478,11.373
223,0.54588,1.1971,9.8405
224,0.20111,1.2809,8.7272
225,-0.20111,1.6089,8.2747
226,-0.32322,1.9034,8.6098
227,-0.12689,2.0973,8.8588
228,0.2083,2.1787,8.8253
229,0.69432,2.1237,8.5739
230,0.95768,2.1596,8.4566
231,1.0199,2.3367,8.313
232,0.81163,2.4038,8.3776
233,0.71347,2.2865,8.9379
234,0.77812,2.3487,9.2587
235,0.91219,2.6911,8.7391
236,0.89543,3.0119,8.0185
237,0.75896,3.1244,7.4942
238,1.0247,3.1651,7.5061
239,1.2641,3.2537,7.8126
240,1.4126,3.632,8.1645
241,1.2785,4.0797,9.024
242,1.0774,4.0366,9.6705
243,1.4653,3.9911,10.046
244,1.1564,4.0558,10.401
245,0.40941,4.2162,10.781
246,0.14126,4.1827,10.877
247,0.4118,3.8307,10.382
248,0.74699,3.8427,10.24
249,0.90022,3.7517,10.36
250,0.7422,3.6751,10.786
251,0.23224,3.5003,10.75
252,-0.25139,3.3184,10.326
253,-0.87867,2.9664,9.6441
254,-1.2354,2.6552,9.5029
255,-1.4222,2.138,9.692
256,-1.4365,1.8316,9.953
257,-1.4269,1.5299,9.6825
258,-1.3767,1.5179,9.1773
259,-1.3743,1.573,8.7727
260,-1.5395,1.6759,8.7583
261,-1.6472,1.8387,8.5883
262,-1.3408,1.9752,8.0783
263,-0.77812,2.1883,7.5085
264,-0.54109,2.2913,7.3744
265,-0.21069,2.4828,7.6306
266,-0.29688,2.7198,7.9826
267,-0.69432,2.8323,8.3201
268,-0.88825,2.897,8.6553
269,-0.5363,2.7246,8.2316
270,0.057461,2.9592,7.7958
271,0.16999,3.4357,7.7168
272,-0.33758,3.802,8.0616
273,-1.0175,4.2952,8.696
274,-1.2498,4.3766,9.3018
275,-0.9074,4.3072,9.9626
276,-0.20111,4.3215,10.2
277,0.22027,4.3814,10.168
278,0.10774,4.2808,10.2
279,-0.32082,4.0965,10.695
280,-0.37589,3.9241,11.358
281,-0.095768,3.486,11.813
282,0.42138,3.4955,11.789
283,0.81403,3.4429,11.306
284,0.5387,3.2896,10.997
285,0.14126,2.8563,10.377
286,0.22027,2.7294,9.8524
287,0.50997,2.3391,9.3233
288,1.0343,2.1763,9.3975
289,1.5682,1.9321,9.6657
290,1.6903,2.0039,9.5077
291,1.2282,2.4373,8.7703
292,0.96965,2.6743,7.7886
293,0.91698,2.6528,6.9866
294,1.087,2.4565,7.1039
295,1.4533,2.2434,7.9586
296,1.5299,2.375,8.4758
297,1.2593,2.6935,8.4925
298,0.97205,2.8347,8.0328
299,0.9505,2.9209,7.2715
300,0.95289,2.885,6.8405
301,1.1037,2.9808,7.1757
302,1.1732,3.1077,7.6067
303,1.2234,3.3591,8.459
304,1.166,3.371,8.9714
305,1.391,3.5913,9.2012
306,1.2163,3.8092,9.5675
307,0.73023,3.8738,10.319
308,0.74938,3.9241,10.657
309,0.74699,4.0414,10.829
310,0.59855,4.0294,11.078
311,0.16759,3.7996,11.351
312,-0.36392,3.3399,11.138
313,-0.826,3.2441,10.592
314,-0.9481,3.1915,9.874
315,-0.71108,3.3782,9.3209
316,-0.95768,3.1556,9.8668
317,-2.0135,2.5618,11.437
318,-2.8515,2.3152,12.35
319,-3.1603,1.9058,12.06
320,-2.478,1.7142,11.04
321,-1.2665,1.7286,9.522
322,-1.1109,1.7119,8.9187
323,-1.0534,1.7645,8.4159
324,-0.91698,1.8052,7.8413
325,-0.64404,1.7885,7.4702
326,-0.10774,1.8627,7.4175
327,0.13647,2.4229,7.6641
328,0.050278,2.7653,7.7862
329,-0.11013,2.9281,7.9323
330,-0.25857,2.9209,8.368
331,-0.30885,2.9185,9.1749
332,-0.07422,3.1053,9.2587
333,-0.32082,3.6679,8.9786
334,-0.67038,4.0127,8.72
335,-0.87628,4.2593,8.9666
336,-0.78051,4.3,9.5316
337,-0.33279,3.9217,10.226
338,0.2897,3.6799,10.405
339,0.7039,3.5099,10.666
340,0.65122,3.5458,10.927
341,0.75657,3.6871,10.774
342,0.91698,3.79,10.611
343,1.1349,3.7086,9.941
344,1.2258,3.6057,9.5029
345,0.3735,3.146,9.7208
346,-0.007183,2.4828,10.338
347,0.32082,1.81,10.564
348,1.3168,1.7526,9.953
349,2.0614,2.1644,8.5572
350,1.9202,2.5881,7.7671
351,0.96486,2.8443,7.1709
352,0.47405,2.8252,7.3529
353,0.54588,2.6049,7.7455
354,1.0391,2.569,7.7144
355,1.7047,2.6217,7.8892
356,1.7119,2.545,8.2866
357,1.6735,2.4612,8.6865
358,1.664,2.5043,8.6913
359,1.6807,2.8395,8.234
360,1.6783,3.213,7.9107
361,1.3479,3.4141,7.7815
362,1.1325,3.474,7.7024
363,1.2282,3.6823,7.5732
364,1.2761,3.9193,7.8365
365,1.2929,3.9935,8.3441
366,1.4581,3.8523,8.5021
367,1.889,3.9768,8.8014
368,2.0135,4.2641,9.0743
369,1.8435,4.6424,9.5053
370,1.5299,4.6926,9.716
371,1.1205,4.7693,10.252
372,1.1492,4.8052,10.348
373,1.2905,4.9252,10.48
374,0.84994,4.7549,10.54
375,0.17478,4.2114,10.7
376,-0.21069,3.7254,10.997
377,-0.64165,3.043,11.193
378,-0.90261,2.7414,10.827
379,-1.4293,2.5043,10.097
380,-1.9321,2.162,9.6801
381,-2.1859,1.9273,9.3185
382,-2.071,1.8627,9.2874
383,-2.059,1.7933,9.5699
384,-1.8172,1.8747,9.2299
385,-1.2785,2.059,8.2842
386,-0.96247,2.0782,7.8317
387,-0.85473,2.1811,7.9443
388,-1.1253,2.2146,8.3489
389,-1.2546,2.3439,8.7822
390,-1.0008,2.3607,8.7894
391,-0.38068,2.4253,8.6362
392,-0.26576,2.4517,8.4686
393,-0.86191,2.6504,8.1669
394,-1.3575,2.7725,7.8916
395,-1.2929,2.9664,7.6426
396,-1.0032,2.9999,7.5564
397,-0.63686,3.1484,7.3577
398,-0.83797,3.4333,7.8054
399,-1.4222,3.5865,8.3106
400,-1.4437,3.8666,8.3752
401,-1.3288,4.1827,8.7296
402,-1.0965,4.1922,9.2276
403,-0.63925,4.0606,10.192
404,-0.30885,3.9744,10.626
405,-0.071826,4.0079,10.338
406,0.10534,4.1468,9.9721
407,-0.064643,4.0582,10.453
408,-0.004788,3.8547,10.973
409,0.4549,3.7757,11.416
410,0.87867,3.7565,11.32
411,1.2713,3.8235,10.712
412,1.1708,3.9768,10.542
413,0.51954,3.5243,10.458
414,0.35913,3.055,10.434
415,0.80445,2.7485,10.329
416,1.2713,2.8036,9.558
417,1.0247,3.0143,8.1573
418,0.43814,3.1101,7.7288
419,0.14126,2.8874,8.2435
420,0.38068,2.6001,9.1102
421,0.86191,2.5905,9.4263
422,0.79966,2.8467,8.9905
423,0.09098,2.9401,7.9562
424,-0.29449,2.9497,7.6641
425,0.32082,2.7821,8.1909
426,1.1708,2.8084,8.3082
427,1.6783,3.1867,7.633
428,1.3096,3.45,6.965
429,0.69911,3.8044,7.1853
430,0.73741,3.8786,7.7479
431,1.3815,4.0223,8.4518
432,1.4078,4.0893,8.9043
433,1.1516,4.2976,9.4598
434,1.1133,4.5203,9.5939
435,1.1181,4.877,9.522
436,0.9505,4.9755,9.4167
437,1.0367,4.8988,9.2754
438,1.1133,4.8219,9.3928
439,1.2426,5.0353,10.109
440,0.77093,4.8914,10.449
441,0.44532,4.5179,10.413
442,0.23942,4.1875,10.003
443,-0.47645,3.8403,9.4119
444,-1.0439,3.7302,9.1557
445,-1.0989,3.7158,9.0695
446,-0.96008,3.4644,9.1342
447,-0.77093,3.1196,9.1366
448,-0.97683,2.9449,9.139
449,-1.7621,2.8276,9.1126
450,-2.0375,2.9161,9.0719
451,-1.9704,2.8706,8.7415
452,-1.5778,2.727,8.4327
453,-0.88107,2.7988,8.2172
454,-0.49799,2.9281,8.0281
455,-0.46208,3.3615,7.5923
456,-0.49799,3.6583,7.2906
457,-0.64883,3.7517,7.0608
458,-0.56982,3.8451,7.3266
459,-0.44053,3.8475,8.0233
460,-0.65362,3.8618,8.3321
461,-0.9098,3.9887,8.301
462,-0.93853,4.1108,8.2818
463,-0.60813,4.2521,8.5979
464,-0.47645,4.3144,8.9331
465,-0.63446,4.7716,9.3018
466,-1.0439,5.0114,9.2419
467,-1.5347,5.3657,9.1892
468,-1.5514,5.4327,9.2228
469,-1.0582,5.2316,9.4191
470,-0.83079,4.8626,9.9698
471,-0.6177,4.47,10.64
472,-0.10534,4.3838,10.793
473,0.56264,4.1659,10.372
474,1.0032,4.2138,10.061
475,1.2522,4.2569,9.8907
476,0.84755,4.0582,9.5412
477,0.23703,3.7972,9.5316
478,-0.1652,3.201,10.159
479,0.38547,2.7749,10.604
480,1.324,2.8252,10.171
481,2.0063,3.1412,8.8397
482,1.9848,3.4907,8.2627
483,0.98402,3.6871,8.1597
484,0.25139,3.486,8.2603
485,-0.035913,3.2657,8.2148
486,0.27533,3.0023,8.1885
487,1.1851,2.8467,8.5524
488,1.5179,2.8276,8.8229
489,1.494,3.0287,8.8229
490,0.92177,3.1627,8.3393
491,0.65601,3.4979,7.6354
492,0.96247,3.6966,7.4391
493,1.5155,3.96,7.5301
494,1.494,4.0438,7.712
495,0.83797,4.1156,8.2004
496,0.64404,4.3167,8.8157
497,0.86909,4.5777,9.2323
498,0.98402,4.7022,9.2347
499,0.96008,4.8411,9.2635
500,0.96008,4.9228,9.5723
501,0.43096,4.6902,10.247
502,-0.086191,4.525,10.657
503,-0.13647,4.3694,10.753
504,-0.067038,4.1827,10.326
505,-0.30885,4.0414,9.8884
506,-0.80445,3.814,9.9314
507,-1.3719,3.5721,10.386
508,-1.4461,3.4333,10.324
509,-1.1899,3.2848,9.4047
510,-1.2498,3.1963,8.629
511,-1.6065,3.0909,8.0496
512,-1.992,3.1101,8.0712
513,-2.0973,3.1627,8.4446
514,-1.8411,3.122,8.301
515,-1.1588,3.1532,7.6641
516,-0.82839,3.2178,7.4343
517,-0.50278,3.3184,7.5492
518,-0.22745,3.4572,7.815
519,-0.16041,3.4979,8.0496
520,-0.098162,3.5458,7.9083
521,-0.34237,3.9193,8.0161
522,-0.85473,4.1276,8.2292
523,-0.96247,4.4317,8.1502
524,-0.79009,4.5849,7.8293
525,-0.73263,4.7549,7.9323
526,-0.62728,4.8674,8.9402
527,-0.32801,4.5466,10.362
528,-0.15323,4.3191,10.985
529,-0.069432,4.1731,10.961
530,-0.22745,4.2114,10.681
531,-0.02873,4.2282,10.954
532,0.13407,3.9816,11.076
533,0.77333,3.9025,10.532
534,0.9912,3.869,10.082
535,0.70629,3.7445,9.8572
536,0.47166,3.3088,10.403
537,0.44532,2.3104,11.296
538,1.245,2.0494,11.191
539,2.1907,2.1524,9.9602
540,2.3535,2.5187,8.7942
541,2.2889,3.1388,8.2004
542,1.6975,3.0742,8.3393
543,0.80685,2.7366,8.7176
544,0.56264,2.6504,8.6913
545,0.62728,2.6217,8.2962
546,0.79009,2.6959,8.21
547,0.85234,2.6504,8.1669
548,0.97444,2.9113,8.0424
549,0.9074,3.3615,7.6354
550,0.75178,3.6799,7.3337
551,0.71108,3.7757,7.0584
552,0.88825,3.7326,7.08
553,1.2689,3.8235,7.5013
554,1.2905,4.1635,7.87
555,0.79966,4.4891,8.4806
556,0.4525,4.7022,9.036
557,0.69911,4.6543,9.5029
558,1.4844,4.6471,9.2611
559,1.913,4.9826,9.297
560,1.5012,5.0976,9.6896
561,0.56503,4.9539,10.494
562,0.17957,4.8028,10.827
563,-0.050278,4.6352,11.155
564,0.098162,4.5274,11.129
565,-0.011971,4.3215,10.678
566,-0.3711,3.9816,10.482
567,-0.84994,3.5243,10.353
568,-1.2163,3.1843,10.307
569,-1.257,2.806,10.37
570,-0.96965,2.6145,10.195
571,-0.72066,2.5762,9.5077
572,-0.86909,2.6073,8.9187
573,-1.6352,2.7797,8.2459
574,-2.2793,2.9544,7.9371
575,-2.1787,2.9544,7.815
576,-1.6065,2.7007,7.8916
577,-0.66798,2.6169,7.8796
578,-0.23942,2.8108,7.8485
579,-0.3304,3.2848,7.7982
580,-0.78769,3.5913,7.8461
581,-1.3719,3.6176,8.0089
582,-1.4533,3.541,8.2004
583,-1.1756,3.3495,8.0065
584,-0.83558,3.4022,7.7743
585,-0.65841,3.6727,7.6905
586,-0.67038,3.8211,7.8413
587,-0.72544,4.039,8.0807
588,-0.93613,4.2617,8.2771
589,-1.2043,4.5346,8.7032
590,-1.0271,4.6783,9.048
591,-0.56982,4.5586,9.795
592,-0.34237,4.4365,10.161
593,-0.009577,4.3742,10.207
594,0.18914,4.4221,10.168
595,0.38547,4.5083,10.674
596,0.62249,4.3814,11.112
597,1.2306,4.2976,11.057
598,1.6903,4.1779,10.549
599,1.245,3.96,10.315
600,0.4549,3.4931,10.925
601,0.043096,2.7031,11.026
602,0.48363,2.6408,10.647
603,1.2498,2.5307,9.7495
604,1.3934,2.6432,8.811
605,1.2115,3.1508,7.8676
606,0.79727,3.4165,7.5947
607,0.098162,3.462,7.6522
608,-0.12689,3.3351,7.8748
609,-0.083797,2.9736,8.2531
610,0.39026,2.7557,8.483
611,1.1277,2.5402,8.4327
612,1.3001,2.6576,8.3034
613,0.97683,2.9784,7.7886
614,0.66559,3.1412,7.6546
615,0.87867,3.0023,7.5899
616,1.4653,3.0287,7.5157
617,1.4006,3.3758,7.5085
618,0.9074,3.7972,7.566
619,0.19872,4.1085,7.7096
620,0.36631,4.446,7.8126
621,1.1827,4.719,8.5811
622,1.4102,4.6376,9.3808
623,1.2905,4.9707,10.221
624,0.52912,5.0257,10.532
625,-0.30885,4.8483,11.193
626,-0.48602,4.6615,11.631
627,-0.40462,4.379,11.809
628,-0.59855,3.8786,11.49
629,-0.92656,3.881,10.915
630,-1.3001,3.6775,10.607
631,-1.3431,3.1484,10.089
632,-1.2953,2.8515,9.6848
633,-1.3767,2.7078,9.5029
634,-1.8076,2.5762,9.7447
635,-2.3032,2.399,10.425
636,-2.2003,2.1739,10.259
637,-1.9489,2.1213,9.1869
638,-1.6161,2.2697,8.4207
639,-1.6951,2.3463,7.7934
640,-1.9178,2.4134,7.4798
641,-1.4533,2.3679,7.329
642,-0.77093,2.4134,7.2021
643,0.026336,2.6217,7.0273
644,0.20351,2.885,7.056
645,-0.28491,3.2705,7.2164
646,-0.6608,3.5841,7.5133
647,-0.77333,3.6512,7.3649
648,-0.63925,3.7182,7.3936
649,-0.93134,3.7469,8.1717
650,-0.88346,3.8571,8.8157
651,-0.69911,3.9145,9.6825
652,-0.84755,3.9816,9.8907
653,-0.9074,3.972,9.7495
654,-0.60094,3.9313,10.092
655,-0.43574,3.711,10.939
656,-0.29209,3.7158,11.332
657,0.009577,3.7182,10.944
658,0.51715,3.8571,10.319
659,0.73502,3.8403,10.092
660,0.66319,3.6775,10.508
661,0.12689,3.3136,12.421
662,-0.18914,2.8228,13.037
663,0.31364,2.332,12.623
664,0.99599,2.4876,11.61
665,1.336,2.6432,9.6465
666,1.4772,3.0358,8.6242
667,1.2905,3.134,7.9993
668,0.9098,2.7342,7.803
669,0.65841,2.5259,7.6306
670,0.77333,2.3966,7.4271
671,1.3479,2.2003,7.384
672,1.7023,2.1979,7.6857
673,1.7789,2.399,8.0879
674,1.3575,2.6001,7.9682
675,0.91698,2.7869,7.1326
676,1.0941,2.9042,6.6777
677,1.6879,3.1508,6.6179
678,2.0566,3.4261,7.2906
679,1.4509,3.4429,9.0767
680,0.79966,3.541,9.9626
681,0.78051,3.6895,10.092
682,1.0127,3.7086,9.4765
683,0.88825,4.0079,8.9379
684,0.42617,3.96,9.364
685,-0.4525,3.6583,10.834
686,-1.1612,3.1675,11.713
687,-1.0463,2.7797,11.229
688,-0.49799,3.0191,10.293
689,-0.68714,3.1939,9.4646
690,-1.2953,3.2106,9.5963
691,-2.241,2.8635,10.556
692,-2.7174,2.4086,11.425
693,-2.8587,1.8076,12.194
694,-2.4277,1.5586,12.366
695,-1.4222,1.6807,11.677
696,-1.3312,1.8651,10.473
697,-1.9728,2.2553,8.8804
698,-2.4493,2.3391,8.2962
699,-2.5905,2.3224,7.8605
700,-2.1093,2.2793,7.554
701,-1.3001,2.2434,7.5133
702,-1.1181,2.2601,7.6713
703,-0.76375,2.3655,7.7192
704,-0.60334,2.3655,7.5636
705,-0.61052,2.5642,7.3984
706,-0.73502,2.6983,7.3816
707,-0.77333,2.818,7.566
708,-0.72544,2.8563,7.791
709,-0.84276,2.8706,8.5237
710,-1.0606,2.9281,9.5651
711,-1.1588,3.1149,10.848
712,-1.2019,3.2346,10.71
713,-1.0558,3.8092,9.5532
714,-0.78769,4.1085,8.775
715,-0.28491,4.2042,9.5867
716,-0.18435,3.7062,10.903
717,0.22027,3.2753,11.859
718,0.50997,3.2824,11.935
719,0.95768,3.4955,11.378
720,1.2905,3.4907,11.215
721,1.6281,3.0622,11.571
722,1.798,2.8204,11.423
723,1.4054,2.5163,11.294
724,0.7446,2.5019,11.112
725,1.0894,2.5642,10.037
726,1.4724,2.5857,8.9379
727,1.7909,2.6983,7.7982
728,1.5658,2.7701,7.4678
729,0.6608,2.6121,8.0544
730,0.21548,2.8587,8.2723
731,0.15802,2.9784,7.3601
732,0.72066,2.9856,6.7855
733,1.6424,3.0143,6.6274
734,1.8747,3.0718,6.9938
735,1.5921,3.3303,7.645
736,1.1588,3.4764,8.1789
737,1.1468,3.3471,8.5644
738,1.5179,3.2178,8.6027
739,2.2458,3.4955,8.3249
740,2.0949,3.6559,8.1406
741,1.2426,3.9983,8.3297
742,0.96965,4.1587,8.8301
743,1.3503,4.0797,9.194
744,1.8483,4.2449,9.1198
745,1.7358,4.549,8.811
746,0.93613,4.6064,8.9953
747,-0.021548,4.1707,10.03
748,0.083797,3.7661,10.82
749,0.16041,3.2992,11.658
750,0.11732,3.1077,11.464
751,-0.13886,3.4405,10.422
752,-0.65841,3.5698,9.9171
753,-1.6544,3.7038,9.9267
754,-2.5091,3.6751,10.068
755,-2.7054,3.4309,9.7208
756,-2.1213,3.1005,9.6633
757,-1.7765,2.5977,10.485
758,-1.4748,2.2769,10.892
759,-0.77572,2.0159,10.671
760,-0.2873,2.0039,9.613
761,-0.56024,2.5235,8.0999
762,-1.3431,2.9353,7.6258
763,-1.8435,3.1005,7.5061
764,-1.506,2.8946,7.2284
765,-0.37589,3.0143,7.2021
766,-0.38307,3.0837,7.487
767,-0.88585,3.2274,7.8222
768,-0.89783,3.1723,7.9419
769,-0.66559,3.1939,7.9299
770,-1.0415,3.4093,8.1837
771,-1.9082,3.6655,9.3066
772,-1.9465,3.6488,9.5915
773,-0.86909,3.9504,9.2922
774,-0.27533,3.9959,8.8181
775,-0.20351,4.2952,8.9474
776,-0.51954,4.3742,9.6441
777,-0.38068,4.2042,10.212
778,0.12689,4.2186,9.9865
779,0.30885,4.4053,9.6394
780,0.36392,4.5945,9.8117
781,0.19632,4.3,10.365
782,0.46208,3.9121,10.59
783,0.50997,3.5985,10.7
784,0.27054,3.3471,10.671
785,0.2466,2.8419,10.367
786,0.52194,2.5929,10.221
787,1.2426,2.4708,10.018
788,1.6041,2.387,9.625
789,1.6544,2.6576,8.8301
790,0.96726,2.9473,8.1933
791,0.043096,2.9473,7.6665
792,-0.20351,2.8587,7.7264
793,0.25378,2.6552,7.8796
794,0.826,2.6552,7.9778
795,0.89304,2.8802,8.368
796,0.66319,3.0574,8.4782
797,0.30406,3.2801,8.5141
798,0.21548,3.2801,8.1023
799,0.89304,3.5051,7.0967
800,1.4317,3.7685,6.8501
801,1.5562,4.1156,7.2068
802,1.0918,4.2569,7.815
803,0.50278,4.2186,8.7463
804,0.48363,4.2641,9.2611
805,1.0511,4.288,9.5867
806,1.4102,4.3814,9.2036
807,1.5155,4.5777,8.5261
808,1.1325,4.774,8.7559
809,0.19154,4.6783,10.001
810,-0.99359,4.4963,10.944
811,-1.2498,4.1803,10.841
812,-0.83558,3.7852,10.056
813,-0.17238,3.2082,9.0552
814,-0.19393,2.9233,8.8493
815,-0.77333,2.8587,9.4909
816,-1.257,2.6145,10.492
817,-1.1923,2.3128,11.461
818,-1.2593,1.901,11.689
819,-1.6328,1.6568,11.368
820,-1.9704,1.5467,10.748
821,-1.9058,1.6616,9.8979
822,-1.7741,1.7717,9.2419
823,-1.5012,1.9944,8.2124
824,-1.1109,2.0949,7.3816
825,-0.40701,2.5929,6.4072
826,-0.069432,2.8587,6.5556
827,-0.1652,2.6935,7.1925
828,-0.071826,2.885,7.5301
829,-0.026336,3.0933,7.6809
830,0.035913,3.2537,8.1238
831,0.031125,3.2106,8.8277
832,0.019154,3.4333,9.1126
833,-0.31843,3.7493,9.3209
834,-0.60573,3.9193,9.7902
835,-0.80685,3.9528,10.635
836,-0.68474,3.9959,10.956
837,-0.02873,3.9959,10.477
838,0.25378,3.9289,10.159
839,0.35434,3.7397,10.508
840,0.27054,3.5985,11.054
841,0.50997,3.5075,11.488
842,0.82839,3.4788,11.753
843,1.0798,3.0215,11.447
844,1.2115,2.9018,11.227
845,0.75178,2.4972,11.167
846,0.37589,2.0638,10.92
847,0.47884,1.7861,10.461
848,1.0151,1.8435,9.9243
849,1.5874,1.9034,8.6769
850,1.6496,2.2817,8.3656
851,0.58658,2.399,8.7607
852,0.059855,2.2745,8.7343
853,-0.29928,2.0925,8.1909
854,-0.033519,1.9417,7.7503
855,1.0199,1.901,7.7431
856,1.5538,1.9752,8.0616
857,1.6688,2.3631,8.052
858,1.4078,2.6384,7.7455
859,1.2186,2.7964,7.2236
860,1.5586,2.9137,7.0871
861,2.2625,3.2968,7.1877
862,2.3942,3.541,7.5851
863,2.2194,3.7876,8.4758
864,1.9561,4.1085,8.9474
865,1.7645,4.4436,9.1653
866,1.9106,4.5394,9.1318
867,2.3798,4.5298,9.1725
868,2.5115,4.3838,9.6034
869,1.8364,4.1252,10.599
870,0.89064,3.7876,10.98
871,-0.031125,3.2465,11.054
872,-0.033519,3.0454,10.609
873,0.011971,3.2777,9.8524
874,-0.13886,3.5219,9.7136
875,-0.89783,3.3471,9.9769
876,-0.99838,2.9975,10.441
877,-0.9481,2.3727,11.763
878,-0.88346,2.1021,12.239
879,-0.55067,2.0566,11.935
880,-0.63686,2.1021,10.654
881,-1.2426,2.3631,9.0001
882,-1.4174,2.2984,8.4949
883,-0.6177,2.0925,8.2292
884,-0.016759,1.9489,8.2435
885,0.43096,2.1404,8.38
886,0.07422,2.2218,8.4566
887,-0.009577,2.5067,7.6282
888,0.33758,2.6288,6.9004
889,0.77093,2.8778,5.9403
890,0.63686,3.0789,6.2372
891,-0.2873,3.0789,7.7168
892,-0.69671,3.1029,8.4111
893,-0.80445,3.2058,9.0408
894,-0.31364,3.3974,9.3137
895,0.12689,3.4237,10.24
896,0.24421,3.3447,10.487
897,0.09098,3.4429,10.616
898,-0.12929,3.5075,10.748
899,0.031125,3.4524,10.971
900,0.21548,3.3351,11.035
901,0.62967,3.2872,11.155
902,0.71826,3.2178,11.162
903,0.79487,3.1388,10.76
904,0.54588,3.1173,10.324
905,0.40462,2.9784,9.7782
906,0.72305,2.8539,9.8884
907,1.3815,2.5379,10.494
908,1.6257,2.5139,10.473
909,1.3503,2.8491,9.4861
910,0.80924,3.0358,8.6673
911,0.067038,2.9544,7.9371
912,0.004788,2.7581,7.9155
913,0.56503,2.241,8.641
914,0.80924,2.0063,9.1485
915,1.2115,2.1572,9.1845
916,1.1588,2.3463,8.7104
917,1.0798,2.49,7.5899
918,1.257,2.6049,7.2068
919,1.6209,2.636,6.9578
920,1.7765,2.885,6.8142
921,1.652,3.213,7.1087
922,1.4509,3.4333,7.7503
923,0.92416,3.5913,9.1557
924,0.74699,3.644,9.7423
925,1.1229,4.0821,9.9721
926,1.2186,4.2856,9.9338
927,1.1564,4.4819,9.7255
928,0.93374,4.6328,9.8764
929,0.23463,4.6017,10.377
930,-0.002394,4.5346,10.678
931,-0.47645,4.0079,10.887
932,-0.37828,3.7613,10.664
933,-0.35913,3.3495,9.9314
934,-0.47645,3.158,9.6034
935,-0.93134,2.8994,9.5603
936,-1.2977,2.5211,10.039
937,-1.8076,2.0662,10.887
938,-1.8172,1.9465,10.882
939,-1.755,1.8603,9.8716
940,-1.7669,2.1237,9.0025
941,-1.7789,2.2769,8.0424
942,-1.5323,2.3607,7.633
943,-1.0104,2.4876,6.9602
944,-0.68235,2.4876,6.716
945,-0.42617,2.6408,6.7424
946,-0.45729,2.8276,7.0488
947,-0.50997,3.0215,7.5133
948,-0.34955,3.1627,7.6522
949,-0.17717,3.2633,7.8222
950,-0.4142,3.4644,8.064
951,-1.0774,3.7302,8.562
952,-1.2115,3.881,8.8588
953,-1.154,4.0151,9.1438
954,-1.0367,4.1683,9.3521
955,-0.69671,4.3503,10.3
956,-0.56503,4.4149,11.062
957,-0.5794,4.4772,11.287
958,-0.65841,4.4891,10.983
959,-0.55067,4.1013,10.559
960,-0.28491,3.9935,10.81
961,0.057461,3.7972,11.552
962,0.2083,3.7589,11.739
963,0.77572,3.5674,10.678
964,1.1037,3.5362,9.9267
965,1.2402,3.1939,9.771
966,0.87149,2.8611,10.334
967,0.6177,2.2649,10.908
968,1.0056,2.1189,10.714
969,1.549,2.1284,9.309
970,1.8124,2.217,8.234
971,1.7621,2.3727,7.882
972,1.075,2.1356,8.119
973,0.45969,1.9609,8.6266
974,0.54827,1.8196,8.5117
975,1.2833,1.9297,8.2986
976,1.6089,2.047,8.2268
977,1.5658,2.2865,8.0233
978,1.4461,2.3535,7.621
979,1.3312,2.5666,7.0488
980,1.2929,2.7653,6.965
981,1.4389,3.225,7.3409
982,1.3695,3.395,7.906
983,1.2474,3.3351,8.8157
984,1.3336,3.4812,9.0504
985,1.4748,4.0462,9.2563
986,1.1516,4.276,9.6513
987,1.1492,4.5873,10.264
988,0.9912,4.5729,10.348
989,0.92416,4.2593,10.152
990,0.65122,4.063,10.087
991,-0.071826,3.8092,10.693
992,-0.26576,3.5338,10.932
993,-0.4142,3.2848,11.162
994,-0.71347,3.0933,10.911
995,-1.4054,2.9664,10.595
996,-1.8028,2.7342,10.451
997,-1.9154,2.2697,10.628
998,-1.9992,2.0063,10.87
999,-1.9178,1.7813,10.645
1000,-1.743,1.8124,9.9219
1001,-1.6328,1.7047,8.5907
1002,-1.3024,1.664,8.0305
1003,-0.89064,1.6903,7.5708
1004,-0.81642,1.6616,7.3768
1005,-0.47645,1.8842,6.7735
1006,-0.35434,2.162,6.6322
1007,-0.088585,2.4804,6.716
1008,-0.014365,2.5953,7.1254
1009,-0.25139,2.7102,7.5253
1010,-0.46208,2.7845,7.6857
1011,-0.62249,3.0071,8.0544
1012,-0.73502,3.1771,8.4327
1013,-0.7039,3.3974,8.8541
1014,-0.64404,3.5865,9.1485
1015,-0.76854,3.6488,9.9267
1016,-0.77812,3.6847,10.389
1017,-0.44532,3.9648,10.738
1018,0.035913,4.1731,10.875
1019,0.20111,4.0031,11.397
1020,0.040701,3.7589,11.725
1021,-0.1221,3.5865,12.144
1022,-0.076614,3.4764,11.995
1023,0.47884,3.6775,10.566
1024,0.68235,3.6943,9.6681
1025,0.42856,3.4333,10.171
1026,-0.10774,2.7749,11.562
1027,0.071826,1.7406,12.335
1028,0.73263,1.324,11.957
1029,1.1301,1.4365,10.236
1030,1.166,1.913,8.8014
1031,1.0367,2.308,7.9419
1032,0.74938,2.4205,8.0712
1033,0.29209,1.98,8.4973
1034,0.026336,1.9369,8.7894
1035,0.17957,1.98,8.3848
1036,0.91698,2.0399,8.052
1037,1.3767,2.0686,7.949
1038,1.5969,2.1859,7.7096
1039,1.403,2.3966,7.3098
1040,1.2043,2.6743,7.1542
1041,1.2043,3.1101,7.1661
1042,1.2785,3.2824,7.1805
1043,1.6448,3.5769,7.4558
1044,1.7166,3.7182,7.9251
1045,1.5562,4.0654,8.6769
1046,1.1803,4.2569,9.4335
1047,1.1253,4.4317,10.226
1048,1.4078,4.5274,10.2
1049,1.4269,4.525,9.6537
1050,1.0295,4.458,9.5388
1051,0.36871,3.9959,10.367
1052,0.39983,3.5578,11.042
1053,0.44053,3.1388,11.272
1054,-0.13407,2.9736,11.105
1055,-0.79248,2.9281,10.568
1056,-0.70868,2.8874,10.135
1057,-0.77572,2.9712,10.046
1058,-1.3408,2.5833,9.9027
1059,-2.1189,2.0159,10.401
1060,-2.2936,1.5371,11.445
1061,-1.2881,1.1013,12.038
1062,-0.39504,1.2905,11.236
1063,-0.076614,1.652,9.1246
1064,0.069432,2.1452,8.0233
1065,-0.51236,2.2434,7.4391
1066,-0.76854,2.1596,7.1326
1067,-0.56982,2.2745,6.6849
1068,-0.249,2.4181,6.5006
1069,0.11013,2.5307,6.5844
1070,0.098162,2.6935,6.7567
1071,-0.2897,2.8994,7.1925
1072,-0.83079,2.9137,7.5325
1073,-1.3408,3.0574,8.0257
1074,-0.97923,3.0574,8.1741
1075,-0.42138,3.2633,8.7032
1076,-0.52433,3.4524,9.2946
1077,-0.63207,3.8044,10.061
1078,-0.61531,4.0007,10.441
1079,-0.27533,4.312,10.473
1080,-0.14126,4.2689,10.315
1081,-0.093374,4.039,10.707
1082,0.035913,3.9409,11.114
1083,0.39504,3.7685,11.337
1084,0.82121,3.7661,11.385
1085,1.2378,3.9289,11.251
1086,1.3719,3.8786,10.932
1087,0.90261,3.5698,10.607
1088,0.50997,3.146,11.054
1089,0.42856,2.3655,11.413
1090,0.93613,2.0159,11.028
1091,1.6616,1.8866,10.001
1092,1.7885,2.0303,9.3497
1093,1.2689,2.1811,8.38
1094,0.81163,2.3152,7.9323
1095,0.44532,2.3798,7.5875
1096,0.47405,2.3966,7.5851
1097,0.7853,2.2936,8.0783
1098,1.0127,2.1524,8.4279
1099,1.2474,2.1404,8.3585
1100,1.3862,2.308,7.9802
1101,1.2091,2.6791,7.5277
1102,1.1779,2.9568,7.3673
1103,1.4006,2.9664,7.4726
1104,1.5347,2.8706,7.6354
1105,1.6137,3.0957,7.9658
1106,1.7358,3.4476,8.2507
1107,1.6448,3.6966,8.7056
1108,1.3144,3.7254,9.2467
1109,1.245,3.9696,9.7064
1110,1.4174,4.0606,9.8165
1111,1.4485,4.1946,9.6825
1112,1.3216,4.2042,9.7519
1113,0.88346,3.9241,9.9793
1114,0.58418,3.8666,10.252
1115,0.026336,3.8571,10.508
1116,-0.47884,3.7421,10.564
1117,-0.81403,3.395,10.511
1118,-1.1157,3.134,10.69
1119,-1.4581,2.7557,11.425
1120,-1.6161,2.4397,11.586
1121,-1.743,2.1644,10.927
1122,-1.8747,2.1165,10.279
1123,-2.3559,2.0854,9.4574
1124,-2.4756,2.0877,9.1246
1125,-2.1524,1.9489,8.4806
1126,-1.4844,1.9537,7.9706
1127,-0.63686,2.0686,7.1638
1128,-0.41898,2.2218,6.9291
1129,-0.38068,2.5187,6.9626
1130,-0.33519,2.6073,7.1542
1131,-0.22027,2.6217,7.554
1132,-0.2466,2.7007,7.6857
1133,-0.49799,3.0023,7.815
1134,-0.64404,3.1891,7.8413
1135,-0.73023,3.3495,8.2555
1136,-0.826,3.4213,8.5404
1137,-0.98881,3.5434,8.7918
1138,-1.0654,3.5602,8.945
1139,-0.84755,3.6751,9.7184
1140,-0.58179,3.7014,10.508
1141,-0.11253,3.6512,11.04
1142,-0.2897,3.5602,11.124
1143,-0.65601,3.5003,10.81
1144,-0.96008,3.5386,10.592
1145,-0.61052,3.6105,10.365
1146,-0.016759,3.486,10.398
1147,0.35195,3.2178,10.504
1148,0.48363,3.1029,10.513
1149,0.50518,2.7485,10.915
1150,0.66319,2.3343,11.282
1151,1.1708,1.7334,11.425
1152,1.6448,1.4605,11.55
1153,2.1093,1.3168,11.239
1154,1.9992,1.5443,10.372
1155,1.415,2.1261,8.4662
1156,0.88825,2.4756,7.4774
1157,0.25139,2.5402,7.1111
1158,0.35913,2.3583,7.4774
1159,1.0367,2.1715,8.3417
1160,1.4341,2.1141,8.5428
1161,1.3862,2.3535,8.4446
1162,1.2737,2.4708,8.1861
1163,1.3144,2.4876,7.6593
1164,1.47,2.6624,7.5133
1165,1.4317,2.9377,7.4989
1166,1.2115,3.0933,7.7001
1167,1.2282,3.213,8.4997
1168,1.4365,3.1364,9.1246
1169,1.8292,3.2872,9.6394
1170,1.5945,3.3998,9.6872
1171,1.1947,3.8379,9.3664
1172,1.2378,4.0079,9.1773
1173,1.3958,4.0175,9.3449
1174,1.3168,3.8451,9.7662
1175,0.65362,3.5434,10.628
1176,0.22027,3.5075,11.162
1177,-0.1221,3.3758,10.975
1178,0.14605,3.2274,10.451
1179,-0.26097,2.6983,9.7734
1180,-0.91937,2.3798,10.027
1181,-1.8531,2.1045,11.184
1182,-1.8818,1.8244,11.61
1183,-1.4245,1.6161,11.05
1184,-1.2929,1.6233,10.027
1185,-1.4461,1.822,8.708
1186,-1.8842,2.071,8.2387
1187,-2.3679,2.1141,7.9658
1188,-2.2242,2.1668,8.04
1189,-1.6975,2.0518,8.4494
1190,-1.1157,2.1117,8.6865
1191,-0.249,2.1524,8.7367
1192,-0.031125,2.1763,8.5931
1193,-0.5387,2.4828,8.3656
1194,-1.154,2.6863,8.0568
1195,-1.47,2.9592,8.131
1196,-1.4964,2.9161,8.447
1197,-1.2785,3.0742,9.4119
1198,-1.1708,3.1125,10.097
1199,-0.93853,3.316,10.736
1200,-0.90261,3.292,11.085
1201,-0.62249,3.2465,11.727
1202,-0.35913,3.1173,12.014
1203,0.009577,3.0502,11.986
1204,0.081403,3.0574,11.655
1205,0.11492,2.8635,11.126
1206,0.16759,2.5642,11.332
1207,0.52194,1.8914,11.457
1208,0.79727,1.7502,11.339
1209,0.89304,1.6137,10.863
1210,0.91458,1.5299,10.48
1211,1.1588,1.4485,10.736
1212,1.4365,1.3719,10.592
1213,1.4844,1.5634,9.5005
1214,1.2282,1.8986,8.2028
1215,0.72305,2.4636,6.989
1216,0.18196,2.6743,6.8453
1217,0.055067,2.6073,7.5827
1218,0.4142,2.4469,8.4949
1219,1.0295,2.2865,9.06
1220,1.3527,2.4205,8.969
1221,1.2593,2.3727,8.7367
1222,1.2761,2.2434,8.8062
1223,1.4916,2.1668,9.1318
1224,1.47,2.2673,9.1126
1225,0.96965,2.545,8.7631
1226,0.77572,2.7845,8.4446
1227,0.92177,2.8802,8.2866
1228,1.1636,2.8778,8.3537
1229,0.75178,2.8563,9.2132
1230,0.07422,2.9018,9.9602
1231,-0.10534,2.8659,10.228
1232,0.11971,2.8276,10.247
1233,0.249,2.5355,10.621
1234,-0.023942,2.4301,11.188
1235,-0.81403,2.569,11.318
1236,-1.2378,2.8371,10.822
1237,-1.4964,2.7916,9.965
1238,-1.7071,2.4852,9.7255
1239,-1.81,2.0542,10.516
1240,-1.6209,1.6544,11.095
1241,-0.95289,1.6424,10.681
1242,-0.79009,1.6975,9.7279
1243,-0.76614,1.9656,8.8253
1244,-0.9505,2.0734,8.7727
1245,-0.98162,1.968,8.7655
1246,-1.0223,1.8794,8.3106
1247,-0.9098,1.9752,8.0137
1248,-0.61292,2.0135,8.2483
1249,-0.54588,2.0207,8.9331
1250,-0.72305,2.0925,9.0959
1251,-1.063,2.162,8.5787
1252,-1.233,2.3391,8.0161
1253,-1.2186,2.4732,7.4391
1254,-0.85473,2.6671,7.3433
1255,-0.80685,2.8898,7.8485
1256,-0.99359,3.0526,8.1789
1257,-1.3695,3.225,8.7343
1258,-1.2115,3.2058,9.206
1259,-0.38786,3.3399,9.6609
1260,-0.20111,3.4381,9.9841
1261,-0.22506,3.6655,10.482
1262,-0.38307,3.6607,10.772
1263,-0.54827,3.6488,11.033
1264,-0.61052,3.5506,11.155
1265,-0.18196,3.5147,10.88
1266,-0.088585,3.3686,10.894
1267,-0.21548,3.0981,11.066
1268,0.069432,2.8587,10.633
1269,0.69911,2.7222,9.9147
1270,0.92895,2.4325,9.9003
1271,1.1732,1.755,10.607
1272,1.1803,1.3815,11.378
1273,0.97683,0.9098,11.909
1274,0.91458,0.82361,10.882
1275,0.95768,1.4724,8.4997
1276,1.0247,1.9393,7.3266
1277,1.1133,2.0901,7.0895
1278,1.2043,1.8723,7.4343
1279,1.3479,1.8842,7.8006
1280,1.1708,2.0016,7.7575
1281,0.94332,2.3894,7.293
1282,1.2498,2.581,6.7472
1283,1.7526,2.818,6.6227
1284,1.7741,2.5881,7.1709
1285,1.4916,2.5259,8.4279
1286,1.3551,2.6624,9.0743
1287,1.1827,3.0119,9.127
1288,1.1708,3.3064,8.6841
1289,1.0822,3.4333,8.3369
1290,1.0846,3.3208,8.4159
1291,1.3527,3.4453,8.7631
1292,1.6592,3.6512,9.0552
1293,1.8316,3.9025,9.6825
1294,1.8675,4.0582,10.075
1295,1.7645,4.0486,10.377
1296,1.5778,4.0007,10.362
1297,1.4557,3.7804,10.566
1298,1.1349,3.6033,11.243
1299,0.87149,3.4931,11.981
1300,1.0367,3.371,11.71
1301,0.97683,3.2082,10.367
1302,0.60573,2.9616,9.6992
1303,0.17717,2.4732,9.6944
1304,0.20351,2.3559,10.262
1305,0.071826,2.241,10.851
1306,-0.26576,2.1883,10.666
1307,-1.0941,1.9321,10.092
1308,-1.5921,1.755,9.9147
1309,-1.4629,1.5538,9.8189
1310,-1.4629,1.4413,9.6968
1311,-1.4485,1.4796,8.9714
1312,-1.3024,1.6065,8.4446
1313,-1.0104,1.64,8.04
1314,-0.7829,1.731,8.0999
1315,-0.6201,1.7741,8.6122
1316,-0.79727,1.8555,8.8062
1317,-0.82361,2.0686,8.4423
1318,-0.63686,2.2601,7.8796
1319,-0.40941,2.636,7.4678
1320,-0.65122,2.8228,7.736
1321,-1.008,2.8323,8.5404
1322,-1.0127,2.8108,8.775
1323,-0.90261,2.7797,8.55
1324,-0.577,3.0095,8.2004
1325,-0.41898,3.1005,7.894
1326,-0.46448,3.1771,8.2818
1327,-0.62249,3.1987,8.9235
1328,-0.59376,3.3208,9.0312
1329,-0.68235,3.3208,8.7367
1330,-0.58897,3.3519,8.1502
1331,-0.5387,3.5027,8.2986
1332,-0.72544,3.4955,8.8804
1333,-1.1013,3.6943,9.546
1334,-1.142,3.9241,9.7423
1335,-0.93134,3.984,10.001
1336,-0.82839,4.0151,10.221
1337,-0.13647,3.8978,10.456
1338,0.13407,3.5913,10.331
1339,0.57461,3.3351,10.324
1340,0.71587,3.3423,10.616
1341,1.0391,3.5602,10.889
1342,1.3096,3.6679,10.525
1343,1.5658,3.8571,9.5292
1344,1.1588,3.735,8.9953
1345,0.44053,3.1891,9.1988
1346,0.19872,2.7653,9.8309
1347,0.19632,2.1859,10.413
1348,0.46926,1.8794,10.767
1349,0.80206,1.7621,10.453
1350,1.0487,1.7669,9.2036
1351,1.1803,2.3918,7.5396
1352,0.88346,2.727,7.1949
1353,0.59137,2.8946,7.2571
1354,0.57461,2.8635,7.3625
1355,0.73263,3.055,7.5301
1356,0.7853,3.1292,7.7431
1357,0.71587,3.146,8.2842
1358,0.80206,3.1556,8.6793
1359,1.1612,3.1484,8.7008
1360,1.1636,3.2322,8.7559
1361,0.9912,3.4333,8.5404
1362,0.91698,3.4931,8.1573
1363,1.1253,3.5817,7.8246
1364,1.2593,3.5913,7.8916
1365,1.3001,3.9313,8.5237
1366,1.1516,4.0151,8.9762
1367,1.1085,4.0582,9.2467
1368,1.336,4.1348,8.9474
1369,1.6783,4.391,8.775
1370,1.6281,4.5969,8.8612
1371,1.0439,4.6495,9.5939
1372,0.80924,4.6352,10.324
1373,1.221,4.5633,10.702
1374,1.6113,4.3981,10.2
1375,0.86909,4.3551,9.771
1376,0.07422,4.1803,10.087
1377,-0.40701,3.7278,10.69
1378,-0.33279,3.4429,10.92
1379,-0.46687,3.0598,10.808
1380,-0.79487,2.9401,10.513
1381,-1.3791,2.5977,9.7567
1382,-1.5538,2.49,9.4287
1383,-1.5754,2.4253,9.1222
1384,-1.5299,2.3894,8.8636
1385,-1.4676,2.6935,8.5069
1386,-1.3862,2.8371,7.9203
1387,-0.97923,3.0885,7.1278
1388,-0.75417,3.0646,6.728
1389,-0.31604,3.1556,7.08
1390,-0.40462,3.1843,7.633
1391,-0.64643,3.1196,8.234
1392,-0.64883,3.1244,8.2866
1393,-0.44293,3.2968,8.2052
1394,-0.51954,3.4165,8.289
1395,-0.77572,3.5027,8.7176
1396,-0.61531,3.45,8.7008
1397,-0.44532,3.3926,8.2148
1398,-0.4549,3.553,8.2603
1399,-0.71347,3.6703,9.0336
1400,-0.72305,3.8235,9.4454
1401,-0.65122,3.79,10.046
1402,-0.44053,3.9193,10.245
1403,-0.64404,3.8188,10.046
1404,-0.5363,3.9959,10.061
1405,-0.35674,3.7733,10.41
1406,-0.007183,3.6895,10.355
1407,0.35913,3.4836,10.382
1408,0.59616,3.474,10.544
1409,0.74938,3.5314,10.252
1410,0.87149,3.5027,10.145
1411,0.97205,2.9401,9.8788
1412,1.2498,2.5355,9.637
1413,1.3551,1.9369,9.7016
1414,0.92656,1.4198,10.19
1415,0.84755,1.2067,10.585
1416,1.3958,1.6616,9.8716
1417,1.8196,2.0877,8.6434
1418,1.719,2.0997,7.8509
1419,1.3168,2.1907,7.8293
1420,1.2067,2.2146,8.4446
1421,1.3767,2.2051,9.4215
1422,1.3192,2.2745,9.6106
1423,1.312,2.2697,9.2036
1424,1.3815,2.1955,8.5787
1425,1.7502,2.3032,8.0759
1426,2.1261,2.3631,8.1047
1427,2.1308,2.4708,8.7391
1428,1.9393,2.5714,9.1078
1429,1.7885,2.581,9.0911
1430,1.9752,2.5857,8.8229
1431,2.4325,2.8395,8.4183
1432,2.3798,2.9999,8.313
1433,2.0063,3.1029,8.6889
1434,1.8866,3.0574,9.3904
1435,2.3104,3.1508,9.9482
1436,2.3679,3.3854,9.637
1437,2.2434,3.5195,9.3113
1438,1.98,3.474,9.364
1439,1.6999,3.474,9.6346
1440,1.4796,3.5075,9.534
1441,1.1803,3.6296,9.7902
1442,0.96486,3.6392,10.142
1443,0.99359,3.6392,10.444
1444,0.79966,3.395,10.252
1445,0.39504,3.0095,10.025
1446,-0.055067,2.6959,9.9123
1447,-0.69432,2.4756,10.243
1448,-0.9912,2.4684,10.568
1449,-1.1157,2.1955,10.207
1450,-0.84994,2.0662,9.9099
1451,-0.50757,1.7526,9.4502
1452,-0.71108,1.6999,9.3233
1453,-1.3336,2.0375,9.0288
1454,-1.3192,2.3487,8.6889
1455,-0.9481,2.3583,8.1957
1456,-0.16759,2.4397,8.0281
1457,0.75896,2.332,8.0065
1458,0.76136,2.3487,8.2124
1459,0.09098,2.636,8.7463
1460,-0.30885,2.7892,8.7607
1461,-0.36631,2.8419,8.6266
1462,-0.22984,2.8204,8.6434
1463,0.009577,2.9497,8.9905
1464,-0.050278,2.9185,9.0839
1465,-0.25857,2.897,8.8588
1466,-0.16041,2.9688,8.7631
1467,0.04549,2.909,8.6003
1468,0.19393,3.0837,8.5524
1469,0.019154,3.2106,8.6889
1470,-0.076614,3.2824,9.0025
1471,-0.2466,3.2489,9.3592
1472,-0.1245,3.2729,9.7064
1473,0.19632,3.1915,10.188
1474,0.39744,3.1915,10.47
1475,0.249,3.0909,10.698
1476,-0.052672,2.9712,11.059
1477,0.057461,3.1747,11.315
1478,0.4525,3.3088,11.22
1479,0.42856,3.2824,10.707
1480,0.25618,3.1939,10.336
1481,0.079009,2.8946,10.238
1482,0.33519,2.5067,10.518
1483,0.95768,2.0949,10.662
1484,1.3623,1.992,10.492
1485,1.664,1.7717,10.051
1486,1.6376,1.743,9.4574
1487,1.4557,1.9656,8.629
1488,1.4988,2.1835,8.2531
1489,1.7957,2.2793,7.7072
1490,1.9489,2.32,7.5492
1491,1.9896,2.5259,7.4343
1492,1.7813,2.6863,7.6641
1493,1.1396,2.6647,8.21
1494,0.98881,2.6001,8.5021
1495,1.0104,2.3846,8.8493
1496,1.391,2.3583,8.9977
1497,1.8148,2.4158,8.9331
1498,1.7717,2.5833,8.9187
1499,1.324,2.6983,8.9163
1500,1.1684,2.7054,8.969
1501,1.5634,2.6576,9.1007
1502,1.8866,2.648,9.0528
1503,1.8244,2.9137,8.7583
1504,1.2522,3.0167,8.6266
1505,0.72544,3.0957,9.1294
1506,0.80445,3.0981,9.6705
1507,1.7478,2.9425,9.7758
1508,1.8292,3.0598,9.558
1509,0.88346,3.2322,9.4502
1510,0.46208,3.2322,9.6537
1511,0.46208,3.2322,9.6537
1512,0.46208,3.2322,9.6537
1513,0.46208,3.2322,9.6537
1514,0.81163,3.0742,9.6633
1515,0.10534,2.9353,10.243
1516,0.2083,2.6959,10.269
1517,0.30646,2.6001,10.233
1518,-0.009577,2.4517,10.109
1519,-0.58418,2.2506,9.941
1520,-0.79487,1.9632,9.9745
1521,-0.61531,1.81,10.147
1522,-0.89304,1.8148,10.125
1523,-1.4796,1.8842,9.8213
1524,-1.5826,1.992,9.4263
1525,-1.0606,1.968,9.0025
1526,-0.67995,2.0039,8.5644
1527,-1.0199,2.0901,8.1047
1528,-1.494,2.1835,8.1789
1529,-1.4198,2.2745,8.6266
1530,-0.99599,2.32,8.9163
1531,-0.61292,2.296,9.1318
1532,-0.69911,2.3631,9.2132
1533,-1.5299,2.1763,9.3353
1534,-1.5538,1.8794,10.116
1535,-0.63686,2.7342,10.638
1536,-0.77812,2.2218,10.008
1537,1.81,2.1069,8.9163
1538,2.0566,1.9561,10.046
1539,2.0854,1.9752,10.106
1540,1.9058,2.1117,9.7662
1541,1.4772,2.2482,9.4861
1542,1.8771,2.2841,8.9786
1543,1.913,2.1284,8.8756
1544,1.6544,2.2242,9.1797
1545,1.5514,2.2362,9.4909
1546,1.6544,2.1332,9.5508
1547,1.8172,2.1452,9.3904
1548,1.9345,2.4205,9.1988
1549,1.7095,2.6169,8.8325
1550,1.1444,2.8467,8.7535
1551,1.0894,2.7366,8.8086
1552,1.4892,2.5881,9.443
1553,1.6328,2.4828,9.7208
1554,1.7358,2.5738,9.558
1555,1.4748,2.7461,9.3401
1556,1.3072,2.794,9.1342
1557,1.2929,2.5953,9.2276
1558,1.7693,2.624,9.2778
1559,1.9776,2.4325,9.0264
1560,1.9273,2.6839,9.1845
1561,1.6735,2.794,9.5005
1562,1.8028,2.8683,10.303
1563,2.0566,2.4612,9.8357
1564,2.4708,2.5833,8.4231
1565,2.4588,2.7677,8.0496
1566,2.0973,2.7174,8.6266
1567,2.1404,2.8467,9.0528
1568,2.0494,2.739,9.3281
1569,1.5419,2.6049,9.3137
1570,1.3144,2.5666,8.8876
1571,1.549,2.3894,8.4399
1572,2.15,2.6815,9.4167
